platform,title,url,budget_min,budget_max,budget_currency,budget_type,skills,category,posted_date,full_description,description_snippet
Freelancer.com,Creative YouTube Video Editor Needed for Long-Term Content Partnership,https://www.freelancer.com/projects/commercials/creative-youtube-video-editor-needed,6250.0,12500.0,INR,fixed,COMMERCIALS | Commercials | Video Editing | Video Production | Video Services | Videography,Unknown,Unknown,"We are looking for a talented and reliable Freelance YouTube Video Editor to turn raw footage into highly engaging, retention-optimized videos. Our channel focuses on [Insert your niche, e.g., tech reviews / travel vlogs / educational explainers / gaming], and we aim to publish [Insert number, e.g., 2-4] videos per month.

The ideal candidate understands YouTube pacing, knows how to hook an audience within the first 30 seconds, and can maintain a consistent visual brand voice. This is an ongoing project. If your initial test edit goes well, we want to bring you on for a consistent, long-term monthly retainer contract. 

Key Responsibilities:
- Full Video Assembly: Edit raw A-roll footage into a clean, compelling story narrative.
- Pacing & Hook Optimization: Cut dead air, add strategic zoom-ins/outs, and optimize retention hooks.
- Visual Enhancements: Source and integrate high-quality B-roll, pop-up text graphics, transitions, and lower-thirds.
- Audio Engineering: Implement clean sound design (SFX), balance background music, and remove audio background noise.
- Color Grading: Perform basic color correction to give the videos a cohesive, polished look.

Requirements & Software:
- Experience: Minimum 1–3 years of proven experience editing explicitly for digital creators or YouTube channels.
- Software: High proficiency in industry-standard software—preferably Adobe Premiere Pro, DaVinci Resolve, or Final Cut Pro.
- Technical Asset: Must have a reliable hardware setup capable of editing and exporting 1080p/4K footage.
- Communication: Ability to follow detailed feedback and return revisions within agreed turnaround times. 

Deliverables & Scope:
- Video Length: Average final video runtime will be around [Insert duration, e.g., 8–12 minutes].
- Turnaround Time: Final draft expected within [Insert timeframe, e.g., 3-4 days] of receiving the assets.
- Revisions: Up to 2 rounds of minor adjustments per video.
- Final Delivery: High-quality MP4 file plus the project file if requested.","We are looking for a talented and reliable Freelance YouTube Video Editor to turn raw footage into highly engaging, retention-optimized videos. Our channel focuses on [Insert your niche, e.g., tech reviews / travel vlogs / educational explainers / ga"
Freelancer.com,"Amazon, Flipkart & Meesho Sales Boost",https://www.freelancer.com/projects/amazon/amazon-flipkart-meesho-sales-boost,750.0,1250.0,INR,fixed,AMAZON | Amazon | eCommerce | Digital Marketing | Amazon Ads | Internet Marketing | SEO | Marketing | Google Adwords,Unknown,Unknown,"I’m ready to ramp up sales across my Amazon, Flipkart and Meesho stores and need an experienced growth partner to make it happen. The storefronts are live and stocked, but performance has plateaued. My priority is clear: convert more visitors into buyers through smarter marketing and advertising.

Here’s what I expect from you:
• Audit each marketplace account, flagging quick-win fixes and longer-term opportunities. 
• Build and run data-driven campaigns—Amazon Sponsored Products, Flipkart Product Listing Ads, Meesho Ads, social re-targeting—optimising bids, budgets and keywords daily. 
• Refine listing copy, imagery, A+ Content and store pages where it will directly impact conversion rate. 
• Deliver concise weekly reports showing spend, sales, ACOS/ROAS and next-step actions.

Acceptance criteria:
• A documented strategy for all three platforms within the first week. 
• Campaigns launched and actively optimised by week two. 
• At least a 20 % uplift in combined monthly sales within the first 60 days, tracked through native analytics dashboards.

If you’ve scaled marketplace accounts before, know your way around Seller Central, Flipkart Seller Hub and Meesho Supplier Panel, and can back it up with results, let’s talk.","I’m ready to ramp up sales across my Amazon, Flipkart and Meesho stores and need an experienced growth partner to make it happen. The storefronts are live and stocked, but performance has plateaued. My priority is clear: convert more visitors into bu"
Freelancer.com,Upgrade 1CFOcenter 7 Service Pages,https://www.freelancer.com/projects/seo/upgrade-cfocenter-service-pages,250.0,750.0,USD,fixed,SEO | SEO | Website Design | WordPress,Unknown,Unknown,"My site, [login to view URL], is ready for a substantial refresh. I have finished copy and approved mock-ups for seven new Service Offering pages and now need them built and slotted smoothly into the existing site.

Here’s what I need done:
• Create seven responsive pages that mirror the supplied desktop / mobile designs. 
• Load the final copy exactly as provided, placing headers, sub-headers, calls-to-action, and images per the mock-ups. 
• Integrate each page into the current menu structure, breadcrumb trail, and internal-link logic so navigation feels native. 
• Match fonts, colours, and spacing to the site’s current style guide; adjust elements only where the new mock-ups specify. 
• Optimise images, meta tags, and on-page SEO for fast load and clean indexing. 
• Test across modern browsers and common devices before hand-off.

Final delivery: seven live, pixel-accurate Service Offering pages, ready for public launch and aligned with the look, feel, and performance of the existing [login to view URL] experience.","My site, , is ready for a substantial refresh. I have finished copy and approved mock-ups for seven new Service Offering pages and now need them built and slotted smoothly into the existing site. Here’s what I need done: • Create seven responsive pag"
Freelancer.com,Spanish–English Interpreter & Project Support – Solar Energy,https://www.freelancer.com/projects/project-management/spanish-english-interpreter-project,15.0,25.0,USD,fixed,PROJECT MANAGEMENT | Project Management | Engineering | Construction | Spanish Translator | Education & Tutoring | Castilian Spanish Translator | Research,Unknown,Unknown,"We are looking for a highly proficient Spanish–English bilingual professional to support our team with ongoing solar energy projects.

**All work will be conducted remotely**, primarily through virtual meetings and email communication.

Key Responsibilities

* Provide real-time Spanish–English and English–Spanish interpretation during virtual meetings.
* Draft and respond to emails in Spanish and English.
* Communicate and follow up with Spanish-speaking vendors, contractors and other stakeholders.
* Assist with coordinating project activities, clarifying technical matters and tracking action items.
* Support general project communication and follow-ups.

Required Skills

* Excellent spoken and written proficiency in both Spanish and English.
* Strong written communication and professional email etiquette.
* Excellent interpersonal, organisational and follow-up skills.
* Reliability, attention to detail and the ability to communicate effectively across languages.

Preferred Experience

* Background in engineering, renewable energy, solar projects or electrical systems.
* Experience in project management, construction, operations or technical coordination.
* Familiarity with technical discussions and vendor management.

How to Apply

Please include the following in your proposal:

1. Your relevant experience and qualifications.
2. Confirmation of your spoken and written proficiency in Spanish and English.
3. **Your hourly rate.**
4. **Your available hours per week.**
5. Your time zone and availability for virtual meetings.

We are looking for someone interested in building a long-term working relationship as our project support requirements grow.","We are looking for a highly proficient Spanish–English bilingual professional to support our team with ongoing solar energy projects. **All work will be conducted remotely**, primarily through virtual meetings and email communication. Key Responsibil"
Freelancer.com,DesignBuilder Glazing Thermal Study,https://www.freelancer.com/projects/designbuilder/designbuilder-glazing-thermal-study,250.0,750.0,USD,fixed,DESIGNBUILDER | DesignBuilder | Thermal Analysis | HVAC | Excel | Engineering | Physics,Unknown,Unknown,"I need a skilled DesignBuilder practitioner to compare the thermal performance of single- versus double-glazing on the Western and Southern façade of a two-storey office building located in Windhoek, Namibia. I will supply the building geometry, façade dimensions, local double-glazing specifications, occupancy schedules, and a climate file. Please set up the model with custom HVAC parameters that reflect local requirements rather than generic office defaults.

Your analysis must quantify: 
• Annual cooling energy demand 
• Peak cooling load reduction 
• Resulting thermal comfort impacts (e.g., PMV/PPD or equivalent indices)

When the simulation is complete, deliver two things: 
1. A PDF/Excel report that includes both an executive-level summary with clear charts and a full set of detailed data tables. 
2. The native DesignBuilder project folder together with the exported EnergyPlus files so I can audit and extend the work later.

I expect the whole task can be wrapped up in roughly 8–12 hours once you have the inputs. If anything about the model setup is unclear—especially the HVAC assumptions—let me know before you run the final simulations so we stay aligned.","I need a skilled DesignBuilder practitioner to compare the thermal performance of single- versus double-glazing on the Western and Southern façade of a two-storey office building located in Windhoek, Namibia. I will supply the building geometry, faça"
Freelancer.com,PDF Tables to Excel,https://www.freelancer.com/projects/data-management/pdf-tables-excel-40760156,600.0,1500.0,INR,fixed,DATA MANAGEMENT | Data Management | Data Analysis | Data Annotation | Data Extraction | Excel | Data Entry | Data Processing | Visual Basic,Unknown,Unknown,"I have a multi-page PDF (roughly 11–50 pages) that contains text-only tables. Each row and column needs to be transferred with absolute accuracy into a clean, well-structured Excel workbook. I will provide the source PDF as soon as the project starts and I expect the finished .xlsx file returned on completion.

Please keep the original table order, headings, and any cell formatting such as bold or italics that appears in the PDF. Spacing quirks in the source don’t matter as long as the information is placed in the correct column and row inside Excel.

Deliverables 
• One Excel spreadsheet mirroring every table in the PDF. 
• No missing characters, broken rows, or merged cells unless they already exist in the source. 
• File encoded in .xlsx, ready for immediate sorting, filtering, and further analysis.

I will review by cross-checking random pages against the PDF, so a high level of accuracy is essential. If questions arise while you are working, just flag the page reference and move on—I would rather clarify than risk guesswork.

Looking forward to a swift and precise turnaround.","I have a multi-page PDF (roughly 11–50 pages) that contains text-only tables. Each row and column needs to be transferred with absolute accuracy into a clean, well-structured Excel workbook. I will provide the source PDF as soon as the project starts"
Freelancer.com,Clean Mixed Data in Excel,https://www.freelancer.com/projects/data-analysis/clean-mixed-data-excel,1500.0,12500.0,INR,fixed,DATA ANALYSIS | Data Analysis | Data Annotation | Data Entry | Data Management | Data Processing | Data Scraping | Excel | Visual Basic,Unknown,Unknown,"I have a spreadsheet that blends text fields with numerical columns, and it needs a thorough clean-up inside Excel. The task centers on removing inconsistencies, catching and fixing obvious errors, standardising formats (dates, currencies, capitalisation), eliminating duplicates, and ensuring every column lines up for reliable analysis afterward. 

Your final hand-off should be a fully cleaned .xlsx file plus a quick “change log” sheet that summarises the main corrections so I can trace what was adjusted. If you have handled similar mixed-type datasets before, attach or link to a sample so I can gauge the quality of your past work. 

No macros or advanced scripting are required—just solid, accurate data cleaning performed directly in Excel and delivered error-free.","I have a spreadsheet that blends text fields with numerical columns, and it needs a thorough clean-up inside Excel. The task centers on removing inconsistencies, catching and fixing obvious errors, standardising formats (dates, currencies, capitalisa"
Freelancer.com,Elegant Event Video Editing,https://www.freelancer.com/projects/adobe-premiere-pro/elegant-event-video-editing,600.0,1500.0,INR,fixed,ADOBE PREMIERE PRO | Adobe Premiere Pro | Final Cut Pro | DaVinci Resolve | Audio Editing | Video Editing | After Effects | Video Services | Video Production,Unknown,Unknown,"I have raw footage from a recent event that now needs to be shaped into a polished, traditional-and-elegant film. The overall look should feel timeless rather than flashy, so I’m counting on smooth transitions and tasteful fades to carry the story from scene to scene. 

You will receive the full-resolution clips, a loose running order, and my music selections. From there, I’d like you to:

• Arrange the footage into a cohesive narrative that flows naturally 
• Apply classic transitions and fades—no jump-cuts or trendy glitches 
• Balance audio so speeches and ambient sound sit comfortably under the music 
• Deliver the final master in 1080p (and the project file) for easy archiving

I’m happy to collaborate on pacing and any subtle refinements along the way, but the core brief stays focused on those elegant transitions and fades. If you work in Premiere Pro, Final Cut Pro, or DaVinci Resolve and have a portfolio that shows similar, understated event edits, I’d love to review it. Let’s make this event look as graceful on screen as it felt in person.","I have raw footage from a recent event that now needs to be shaped into a polished, traditional-and-elegant film. The overall look should feel timeless rather than flashy, so I’m counting on smooth transitions and tasteful fades to carry the story fr"
Freelancer.com,Minimalist Company Logo Design - 10/10/2026 00:18 EDT,https://www.freelancer.com/projects/adobe-illustrator/minimalist-company-logo-design-edt,400.0,750.0,INR,fixed,ADOBE ILLUSTRATOR | Adobe Illustrator | Adobe Photoshop | Branding | Creative Design | Graphic Design | Illustrator | Logo Design | Photoshop,Unknown,Unknown,"I need a skilled logo designer to create a minimalist logo for my company. The logo should include our company name and an icon or symbol. 

Requirements:
- Modern, vintage, or minimalist design expertise
- Ability to incorporate company name and icon/symbol
- Experience with full-color schemes

Ideal Skills:
- Proficiency in design software (Adobe Illustrator, Photoshop, etc.)
- Strong portfolio of minimalist logos
- Creativity and attention to detail

Please provide samples of previous work.","I need a skilled logo designer to create a minimalist logo for my company. The logo should include our company name and an icon or symbol. Requirements: - Modern, vintage, or minimalist design expertise - Ability to incorporate company name and icon/"
Freelancer.com,3D CAD Model Creation in Autodesk Inventor,https://www.freelancer.com/projects/3d-cad/cad-model-creation-autodesk-inventor,600.0,1500.0,INR,fixed,3D CAD | 3D CAD | Autodesk Inventor | Engineering Drawing | 3D Design | Solidworks | CAD/CAM | Mechanical Engineering | 3D Modelling,Unknown,Unknown,"# Autodesk Inventor CAD Modeling Project — Auxetic Metamaterial Structures

## Project Overview
I am a college student and need an experienced CAD designer to create 3D models of the five structures shown in **Figure 1 (a–e), page 3** of my attached research paper, titled *Multi-objective design of tetra-chiral re-entrant auxetic metamaterials for energy absorption in engineering structures*.

The models must closely match the shapes, geometry, and cell arrangements shown in the paper. Please do not create generic honeycomb patterns or simple rows of hourglass shapes.

## Required Designs

1. **Figure (a) — CRS Unit Cell:** A single hollow, hourglass-shaped re-entrant cell with inclined ribs and a defined wall thickness.
2. **Figure (b) — Chiral Core:** A central circular hub connected to four angled arms.
3. **Figure (c) — TREAM Unit Cell:** A combination of the re-entrant cell and central chiral hub with connecting arms.
4. **Figure (d) — CRS Array:** Multiple re-entrant cells arranged in staggered, interlocking rows, matching the arrangement in the paper.
5. **Figure (e) — TREAM Array:** A periodic array combining re-entrant cells and chiral cores, matching the paper's pattern.

## Dimensions and Technical Requirements

The paper gives the following nominal dimensions:
- Individual cell width, **w = 60 mm**
- Individual cell height, **h = 38 mm**
- Overall array width, **W = 253.48 mm**
- Overall array height, **H = 184.84 mm**

Some parameters, including rib thickness, re-entrant angle, chiral hub radius, arm geometry, and extrusion depth, are not fully specified in the figure. Please review the paper and use reasonable engineering assumptions for any missing values. Clearly document all assumed dimensions.

## Deliverables
- Five editable Autodesk Inventor part files (`.ipt`), or equivalent editable CAD models.
- An Autodesk Inventor assembly (`.iam`) if appropriate.
- Neutral STEP files (`.step` or `.stp`) for all five designs.
- Engineering drawings with dimensions, preferably PDF and Inventor drawing files (`.idw` or `.dwg`).
- Screenshots showing the completed models and their similarity to Figure 1 in the paper.","# Autodesk Inventor CAD Modeling Project — Auxetic Metamaterial Structures ## Project Overview I am a college student and need an experienced CAD designer to create 3D models of the five structures shown in **Figure 1 (a–e), page 3** of my attached r"
Freelancer.com,eBay Listing & Fulfillment Assistance,https://www.freelancer.com/projects/ecommerce/ebay-listing-fulfillment-assistance,250.0,750.0,USD,fixed,ECOMMERCE | eCommerce | Product Photography | Keyword Research | Order Processing | Product Descriptions | eBay | Copywriting | Content Writing | Amazon | Amazon Web Services,Unknown,Unknown,"I run a Basic Store on eBay focused on household items and I’m ready to scale. I need someone who can handle the full listing and fulfillment cycle—finding the right household products, creating eye-catching, keyword-rich titles, writing clear, persuasive descriptions, uploading quality photos, and ensuring each order is processed promptly once it sells.

You’ll be working directly inside my eBay dashboard, so familiarity with all the usual seller tools is essential. Great command of English for both titles and descriptions is a must, as is solid knowledge of eBay policies to keep everything fully compliant.

Deliverables:
• 100% ready-to-publish listings for household items, complete with SEO-friendly titles, engaging descriptions, price, photos, and shipping details. 
• Smooth order fulfillment flow—once an item sells, you confirm the order, arrange postage, upload tracking, and keep the buyer updated until delivery.

Acceptance criteria:
• Listings appear live with no eBay errors or policy violations. 
• Titles are concise (under 80 characters), keyword optimized, and unique. 
• Descriptions clearly outline features, benefits, and shipping/return terms. 
• Orders are fulfilled within the agreed handling time and tracking is uploaded.

If you’ve managed Basic Stores before and love optimizing listings that convert, I’d like to hear from you.","I run a Basic Store on eBay focused on household items and I’m ready to scale. I need someone who can handle the full listing and fulfillment cycle—finding the right household products, creating eye-catching, keyword-rich titles, writing clear, persu"
Freelancer.com,"PDF eBook Formatting, Custom Fonts",https://www.freelancer.com/projects/ebook-design/pdf-ebook-formatting-custom-fonts,1250.0,2500.0,INR,fixed,EBOOK DESIGN | eBook Design | Graphic Design | PDF | Photoshop | Data Processing | Data Entry | Copy Typing | Word,Unknown,Unknown,"I have a completed manuscript that now needs professional formatting so it reads and looks like a polished, ready–to-share PDF eBook. The text is final; what I’m missing is the visual consistency that only a skilled formatter can provide.

Scope of work
I need you to:
• Flow my manuscript into a clean, reader-friendly layout
• Apply and properly embed the custom fonts I’ll supply (licences already secured)
• Set up page sizing, margins, headers/footers, and page numbers for digital viewing
• Build a hyper-linked table of contents (optional if you think it adds clarity, but not critical)
• Deliver a single, press-quality PDF that opens flawlessly on any standard reader

Preferred tools are Adobe InDesign, Affinity Publisher, or equivalent software that allows full font embedding and export control. Please keep all vector or raster graphics in the manuscript exactly as they are—no new artwork is required.

Acceptance criteria
• Fonts are fully embedded and display identically on multiple devices
• No widows, orphans, or broken paragraph breaks
• All chapters start on a new page and align with the supplied TOC
• Final file passes Adobe Preflight with zero errors

Attach a couple of samples showing similar PDF projects you’ve formatted, and let me know your estimated turnaround time. I’m ready to begin as soon as I find the right fit.","I have a completed manuscript that now needs professional formatting so it reads and looks like a polished, ready–to-share PDF eBook. The text is final; what I’m missing is the visual consistency that only a skilled formatter can provide. Scope of wo"
Freelancer.com,글로벌 커뮤니티 웹사이트 UI·UX 개선 -- 2,https://www.freelancer.com/projects/graphic-design/project-40760144,250.0,750.0,USD,fixed,GRAPHIC DESIGN | Graphic Design | User Interface / IA | Usability Testing | UX / User Experience | Wireframes | UI / User Interface | Figma | Visual Design | Interaction Design | Web Design,Unknown,Unknown,"# ABROAD&BROAD 글로벌 커뮤니티 웹사이트 UI·UX 및 반응형 디자인

## 프로젝트 소개

ABROAD&BROAD는 해외에 거주하는 한국인, 한국에 거주하는 외국인, 한국에 관심 있는 전 세계 사용자를 연결하기 위한 글로벌 지역 기반 커뮤니티 플랫폼입니다.

개발을 진행중이던 UIUX디자이너가 중간에 사임을 발표하였기 때문에 사람을 급하게 구하고자 여기에 모집광고를 올립니다. 그래서 기존의 완성된 작업물을 충분히 이해하면서, 작업을 이어서 진행해줄 개발자를 찾습니다.

현재 웹사이트의 PC화면의 대부분의 디자인과 기본적인 프론트엔드 화면과 주요 기능은 개발되어 있습니다. 이번 프로젝트에서는 기존 구조를 바탕으로 전체적인 UI·UX를 개선하고, 모바일·태블릿·데스크톱 환경에서 자연스럽게 작동하는 반응형 디자인을 구축하고자 합니다.

단순히 화면을 아름답게 꾸미는 것보다 사용자가 필요한 정보와 기능을 빠르게 찾을 수 있도록 만드는 것이 가장 중요한 목표입니다.

## 주요 서비스 구성

ABROAD&BROAD에는 다음과 같은 기능이 포함되어 있습니다.

* 자유토론 및 주제별 토론
* 지역 커뮤니티
* 구인·구직
* 중고거래
* 부동산
* 모임 및 만남
* 로컬 업체
* 관광명소
* 행사 및 이벤트
* 사이트 전체 콘텐츠 통합검색

각 카테고리의 핵심 기능과 차별점이 사용자에게 명확하게 전달되도록 정보 구조와 화면 구성을 개선하고 싶습니다.

## 디자인 작업 범위

다음 항목의 작업이 가능한 UI·UX 디자이너를 찾고 있습니다.

* 모바일·태블릿·데스크톱 반응형 디자인
* 사용자 흐름과 정보 구조 개선
* 글 작성 화면 및 입력 과정 개선
* 버튼·메뉴·검색·필터 등 주요 기능의 사용 방식 개선
* 모달, 드롭다운, 알림 및 주요 상태 화면 디자인
* 로딩·빈 화면·오류·완료 상태 디자인
* 재사용 가능한 UI 컴포넌트 설계
* 컬러·타이포그래피·간격·아이콘 등의 디자인 시스템
* 개발자가 실제 구현할 수 있는 컴포넌트별 사용 기준
* Figma 파일 및 개발 전달용 디자인 가이드 제공

현재 화면 구조를 기본으로 활용하되, 사용자 편의성을 높이기 위해 필요하다면 화면 배치와 사용자 흐름을 일부 변경할 수 있습니다.

## 반응형 디자인

현재 가장 중요하게 개선하려는 부분은 모바일 사용성입니다.

디바이스별로 화면 크기만 줄이는 방식이 아니라, 모바일 환경에서 메뉴와 콘텐츠의 우선순위가 자연스럽게 재구성되어야 합니다. 데스크톱·태블릿·모바일에서 각각 사용하기 편리한 화면 구조를 제안해주시길 바랍니다.

## 디자인 방향

구글처럼 여백이 많고 검색 기능에 집중된 단순한 형태보다는, 네이버나 다음처럼 여러 정보와 기능이 하나의 화면에서 연결되는 포털형 커뮤니티 구조를 선호합니다.

다만 정보가 지나치게 많거나 복잡한 화면은 원하지 않습니다. 지역·커뮤니티·생활정보·모임·행사·토론 등의 기능을 간결하게 구성하면서도, 사용자가 원하는 기능에 빠르게 접근할 수 있어야 합니다.

시각적으로 화려한 디자인보다는 다음 요소를 중요하게 생각합니다.

* 명확한 정보 우선순위
* 직관적인 메뉴와 탐색 구조
* 빠른 기능 접근성
* 모바일 사용 편의성
* 일관된 디자인 규칙
* 글로벌 사용자를 고려한 확장성

## 참고 사이트

다음 사이트의 디자인을 그대로 복제하려는 것은 아닙니다. 정보 배치, 탐색 구조, 기능 접근성과 사용자 편의성을 참고하고 싶습니다.

* Craigslist
* 아카라이브
* KONE
* 위키피디아
* 나무위키
* Meetup
* Kialo
* Airbnb

여러 기능이 존재하면서도 사용자가 원하는 정보와 기능을 빠르게 발견할 수 있는 구조를 중요하게 생각합니다.

## 작업 진행 방식

처음부터 전체 화면을 한 번에 작업하기보다는, 우선 핵심 화면이나 주요 기능을 선정하여 **유료 초기 마일스톤**으로 진행하고 싶습니다.

초기 작업에서는 다음 요소를 확인하고자 합니다.

* 데스크톱과 모바일의 반응형 구성
* 핵심 기능과 정보의 우선순위
* 메뉴와 사용자 이동 흐름
* 로고 및 워드마크와 화면의 조화
* 디자이너가 제안하는 전체적인 디자인 방향

초기 결과가 프로젝트 방향과 잘 맞는다면, 이후 전체 페이지와 디자인 시스템 작업으로 확대할 예정입니다.

무료 샘플 제작을 요청하는 것은 아닙니다. 초기 작업 범위와 비용은 디자이너와 협의하여 결정하겠습니다.

## 최종 결과물

* 편집 가능한 Figma 원본 파일
* 데스크톱·태블릿·모바일 반응형 화면
* 주요 컴포넌트와 각 상태 디자인
* 디자인 시스템 또는 UI 스타일 가이드
* 개발자가 참고할 수 있는 간격·크기·색상·동작 기준
* 사용된 폰트·아이콘·이미지 등의 라이선스 정보
* 필요한 경우 개발자와의 디자인 전달 및 질의응답

## 지원 시 포함할 내용

지원하실 때 다음 내용을 함께 보내주세요.

* UI·UX 및 반응형 웹디자인 포트폴리오
* 커뮤니티·포털·마켓플레이스 디자인 경험
* Figma 컴포넌트 및 디자인 시스템 작업 경험
* 예상 작업 기간
* 예상 비용과 비용 산정 방식
* 프로젝트 개선 방향에 대한 간단한 의견
* 개발 과정에서 디자이너의 추가 대응 가능 여부

현재 웹사이트와 기존 화면은 선정 과정에서 공유할 수 있습니다. 장기적으로 함께 프로젝트를 발전시킬 수 있는 디자이너라면 더욱 좋습니다.","# ABROAD&BROAD 글로벌 커뮤니티 웹사이트 UI·UX 및 반응형 디자인 ## 프로젝트 소개 ABROAD&BROAD는 해외에 거주하는 한국인, 한국에 거주하는 외국인, 한국에 관심 있는 전 세계 사용자를 연결하기 위한 글로벌 지역 기반 커뮤니티 플랫폼입니다. 개발을 진행중이던 UIUX디자이너가 중간에 사임을 발표하였기 때문에 사람을 급하게 구하고자 여기에 모집광고를 올립니다. 그래서 기존의 완성된 작업물을 충분히 이해하면서, 작업을 이어"
Freelancer.com,Affinity Newspaper Layout Tutoring,https://www.freelancer.com/projects/tutoring/affinity-newspaper-layout-tutoring,400.0,750.0,INR,fixed,TUTORING | Tutoring | Typography | Affinity Designer | Affinity Photo | Photoshop | Newsletters | Format and Layout,Unknown,Unknown,"I am a complete beginner with Affinity and want to master newspaper layout design from the ground up. I’m looking for an experienced tutor who can work with me live, one-on-one, and walk me through the full workflow inside Affinity Publisher (or Designer/Photo when relevant). 

My immediate priorities are: 
• Typography 
• Image alignment 
• Grid systems 

The plan is to meet online by video call with screen-sharing, start with the interface basics, then build real page spreads together. After each session I’d like practice files, short exercises, and actionable feedback so I can refine the work before we move on. 

Please let me know your Affinity expertise, any newsroom or editorial layout samples you can share, and your proposed structure for a short course of live lessons. I’m ready to begin as soon as we can lock in a schedule.","I am a complete beginner with Affinity and want to master newspaper layout design from the ground up. I’m looking for an experienced tutor who can work with me live, one-on-one, and walk me through the full workflow inside Affinity Publisher (or Desi"
Freelancer.com,Professional Instagram Launch Content,https://www.freelancer.com/projects/social-media-marketing/professional-instagram-launch-content,600.0,1500.0,INR,fixed,SOCIAL MEDIA MARKETING | Social Media Marketing | Content Creation | Instagram Marketing | Branding | Graphic Design | Animation | Photoshop | Video Editing,Unknown,Unknown,"I’m preparing to unveil a new product and I want the announcement to arrive on Instagram through a series of informative, professionally styled assets. I’ll need a cohesive mix of static posts (single images or short carousels) and complementary reels that clearly explain what the product does, why it matters, and how followers can get involved when it goes live.

Here’s what I have in mind: 
• Posts: On-brand graphics sized for the feed, using concise copy to educate viewers about key features and benefits. 
• Reels: 15–30 second vertical videos that mirror the post messaging while adding motion, light animation, or simple B-roll to keep attention high. 

All content should feel polished—clean typography, consistent color palette, and confident voice—so the audience trusts the information at first glance. I’ll supply the raw product photos, a brief brand style guide, and any reference copy you might need. You would handle everything from concept direction to final export, ready for immediate upload.

If this matches your skill set in Instagram design, short-form video editing, and product storytelling, let’s discuss timelines and the number of assets we can complete for the launch window.","I’m preparing to unveil a new product and I want the announcement to arrive on Instagram through a series of informative, professionally styled assets. I’ll need a cohesive mix of static posts (single images or short carousels) and complementary reel"
Freelancer.com,Commission SaaS Sales Partnership,https://www.freelancer.com/projects/saas/commission-saas-sales-partnership,750.0,1250.0,INR,fixed,SAAS | SaaS | B2B Marketing | Lead Generation | Account Management | Sales | Internet Marketing | Telemarketing | Marketing,Unknown,Unknown,"I’m looking to team up with an experienced commission-only sales professional who can take our B2C SaaS platform to the European market, with a special focus on freelancers. The product solves everyday admin headaches—think invoicing, time tracking, and simple client portals—so the pitch is straightforward once you reach the right audience.

Here’s what the collaboration involves: you source and qualify leads, run your own outreach campaigns, and close monthly or annual subscriptions. Whether you prefer cold emailing, LinkedIn prospecting, webinars, or referrals is up to you; I care about conversions and churn-free retention. I’ll supply product training, demo accounts, marketing collateral, and instant access to our HubSpot CRM so you can track every step. You’ll receive an attractive recurring commission on each new paid user you bring in, with no cap.

Ideal profile 
• Proven success selling SaaS to freelancers or other micro-businesses in Europe 
• Comfortable operating independently, setting targets, and reporting results with basic metrics (MQLs, SQLs, ARR added) 
• Fluent English; any major European language is a plus

If you can start quickly and are confident you can ramp sign-ups inside the first month, let’s talk specifics—commission tiers, onboarding timeline, and the support assets you need from my side.","I’m looking to team up with an experienced commission-only sales professional who can take our B2C SaaS platform to the European market, with a special focus on freelancers. The product solves everyday admin headaches—think invoicing, time tracking, "
Freelancer.com,JioMart Product Specs Data Entry,https://www.freelancer.com/projects/data-management/jiomart-product-specs-data-entry,1500.0,12500.0,INR,fixed,DATA MANAGEMENT | Data Management | Data Processing | Data Analysis | Technical Writing | Data Entry | Excel | Product Descriptions | Copywriting | Data Collection | Content Writing,Unknown,Unknown,"I need help populating our JioMart Foundation catalogue with accurate, well-structured product specifications. The task is limited strictly to writing or pasting the spec fields—no creative marketing copy is required.

Scope of work 
• Enter product specifications for three categories: Electronics, Groceries and Clothing. 
• For every Electronics item, record the exact Brand & Model, a concise set of Technical Specifications and official Warranty Information. 
• For Groceries and Clothing, follow the same rigor, capturing the standard specification fields already present in our template (size, weight, fabric, ingredients, shelf life, etc.).

Source material and format 
I will supply either manufacturer sheets, supplier data feeds or PDF catalogues. You may enter the information directly in our web CMS, or in the provided Excel template if you prefer working offline first—just keep field names unchanged so I can import them easily.

Acceptance criteria 
1. 100 % field completion for each SKU. 
2. Data matches the source word-for-word; no assumptions or abbreviations. 
3. Electronics entries must include all three required details (Brand & Model, Technical Specifications, Warranty). 
4. Spreadsheet passes a quick VLOOKUP check for duplicates before submission.

Once the first 20 SKUs are approved, the rest can be delivered in batches. Let me know your turnaround time and any clarifications you might need.","I need help populating our JioMart Foundation catalogue with accurate, well-structured product specifications. The task is limited strictly to writing or pasting the spec fields—no creative marketing copy is required. Scope of work • Enter product sp"
Freelancer.com,"Machine shops only: get paid for files from parts you’ve ALREADY machined (Fusion 360, 3-axis)",https://www.freelancer.com/projects/fusion-360/machine-shops-only-get-paid,30.0,250.0,USD,fixed,FUSION 360 | Fusion 360 | 3D CAD | G-code | 3D Printing | Solidworks | 3D Modelling | CAD/CAM | Mechanical Engineering,Unknown,Unknown,"⚠️ This is NOT a design, CAD, CAM programming or 3D printing job. Nothing new is made, modelled or programmed. We only want files that already exist from real production.

Start your bid with your shop name, city and machine list (make, model, control). Bids without them will be ignored.

What we’re looking for

Machine shops (or people with the shop owner’s permission) that have past 3-axis milling jobs programmed in Fusion 360 and machined on their own machines. Everyday mechanical parts are ideal: brackets, plates, housings, fixtures, or your own products.

Files from a shop that has since closed or stopped production also qualify, as long as the parts were really machined and you have the right to share the files.

For each part, we need the files you already have:

3D model (STEP)
The original Fusion 360 file (.f3d) with the CAM setup, tools and toolpaths used in production
The G-code exactly as it ran on the machine: one file per setup the part actually used (1, 2, 3 or more). Re-posted or regenerated code does not qualify.
The 2D drawing (PDF) with dimensions and tolerances
A short info file (we provide the template): material, city, machine make/model/control, setups, how the part was held, and when it was machined

What doesn’t qualify

Parts designed, modelled or programmed for this project
Customer parts under NDA, or defence and aerospace parts
Files you don’t have the right to share

How we verify: we check that the model, drawing, Fusion file and G-code all match each other and the machine and control you list. Photos of your machines are welcome but optional.

Pilot and payment

Pilot: 5 different parts, all 3-axis milling, from jobs in the past year
USD 100 via a funded Freelancer.com milestone, set up once you’ve shared your shop details and before you send any files
+ USD 100 bonus once all 5 parts are approved
Review within 24 hours. If anything is missing, we tell you exactly what.
After the pilot: repeat batches at USD [20] per accepted part, at a pace that suits you

To bid, reply with:
One example of a past job you could share: what the part is and roughly when it was machined","⚠️ This is NOT a design, CAD, CAM programming or 3D printing job. Nothing new is made, modelled or programmed. We only want files that already exist from real production. Start your bid with your shop name, city and machine list (make, model, control"
Freelancer.com,Gujarati Website Translation Project,https://www.freelancer.com/projects/arabic-translator/gujarati-website-translation-project,600.0,1500.0,INR,fixed,ARABIC TRANSLATOR | Arabic Translator | Content Writing | English (UK) Translator | English (US) Translator | HTML | Technical Writing | Translation | Website Localization,Unknown,Unknown,"I have a collection of English webpages that need to be rendered naturally in Gujarati while preserving every heading, meta tag, and call-to-action. Some sections mention technical concepts, so accuracy and consistency of terminology are critical. Because I do not yet have a glossary, I will rely on you to build one as you translate, flagging any term that could have multiple Gujarati equivalents and selecting the most widely accepted option.

Here is what I expect from you:
• Fully translated Gujarati text delivered in the same layout or HTML structure I supply. 
• A bilingual glossary (English term → Gujarati term) covering every technical phrase you encounter. 
• A short note on any term that required interpretation so I can approve it before the site goes live. 

Fluency in Gujarati and experience translating web content with technical language is essential; CAT tools such as SDL Trados or memoQ are welcome if they help maintain consistency, but a clear, reader-friendly result is the priority.","I have a collection of English webpages that need to be rendered naturally in Gujarati while preserving every heading, meta tag, and call-to-action. Some sections mention technical concepts, so accuracy and consistency of terminology are critical. Be"
Freelancer.com,Editorial Tech & Fashion Reviews,https://www.freelancer.com/projects/editorial-writing/editorial-tech-fashion-reviews,250.0,750.0,USD,fixed,EDITORIAL WRITING | Editorial Writing | Public Relations | Marketing | Content Marketing | Content Creation | Media Relations | Press Releases | Product Marketing,Unknown,Unknown,"I have both a new tech gadget and an upcoming fashion item ready to launch, and I want each of them independently tested and reviewed by credible editorial outlets—think the kind of magazines or online publications where the in-house team handles hands-on evaluation and writes their own verdict.

Your role is to open the right doors, pitch the story, coordinate sample delivery, and stay on the editors’ radar until the review is published. I’m not looking for advertorials or paid placements; the coverage must be genuine editorial content produced by the publication’s staff.

What I’ll provide 
• Product samples, spec sheets, imagery, and background story for each item 
• Embargo dates or launch timelines, if helpful for securing a slot

What I expect in return 
• Confirmed acceptance from at least one recognised tech title and one fashion title, with publication dates or issue numbers 
• A live link or PDF tear-sheet once the review is out 
• A brief wrap-up report summarising the outreach and results

When you reply, please include examples of past editorial placements you have secured, especially where the publication performed its own testing or styling. That track record will weigh heavily in my selection.","I have both a new tech gadget and an upcoming fashion item ready to launch, and I want each of them independently tested and reviewed by credible editorial outlets—think the kind of magazines or online publications where the in-house team handles han"
Freelancer.com,Architectural Drawing for Home Renovation,https://www.freelancer.com/projects/architectural-engineering/architectural-drawing-for-home,250.0,750.0,USD,fixed,ARCHITECTURAL ENGINEERING | Architectural Engineering | Architectural Rendering | Building Design | 3D Modelling | Building Architecture | Interior Design | AutoCAD | Home Design,Unknown,Unknown,"I need detailed architectural drawings for a comprehensive home renovation. The project includes both interior and exterior work.

Interior renovations will include:
- Kitchen
- Bathroom
- Living Room

Exterior renovations will include:
- Garden/Landscaping
- Patio/Deck
- Roof

Ideal Skills and Experience:
- Expertise in residential architecture
- Proficiency in creating detailed renovation plans
- Experience with both interior and exterior design
- Strong understanding of structural integrity and landscaping

Please provide samples of previous work.",I need detailed architectural drawings for a comprehensive home renovation. The project includes both interior and exterior work. Interior renovations will include: - Kitchen - Bathroom - Living Room Exterior renovations will include: - Garden/Landsc
Freelancer.com,Natural Eyebrow and Skin Enhancement,https://www.freelancer.com/projects/image-processing/natural-eyebrow-skin-enhancement,10.0,30.0,USD,fixed,IMAGE PROCESSING | Image Processing | Digital Art | Visual Design | Photo Retouching | Photoshop | Photo Editing | Photoshop Design | Photography,Unknown,Unknown,"I need a photo edit to enhance my appearance. 

Requirements: 
- Fill in and shape my natural eyebrows for symmetry 
- Clean up skin tone, focusing on cheeks and forehead 
- Add a natural-looking glow 

Ideal Skills: 
- Proficiency in photo editing software (e.g., Photoshop) 
- Experience with eyebrow shaping and skin tone adjustments 
- Ability to create a natural, polished look","I need a photo edit to enhance my appearance. Requirements: - Fill in and shape my natural eyebrows for symmetry - Clean up skin tone, focusing on cheeks and forehead - Add a natural-looking glow Ideal Skills: - Proficiency in photo editing software "
Freelancer.com,Local AI Efficiency Platform,https://www.freelancer.com/projects/ai-automation/local-efficiency-platform,12500.0,37500.0,INR,fixed,AI AUTOMATION | AI Automation | Machine Learning (ML) | FastAPI | Hugging Face | Python | Django | Software Architecture | JavaScript,Unknown,Unknown,"I need a locally-hosted AI automation platform whose single, clear purpose is to boost day-to-day business efficiency. The focus is on automating order-processing steps that currently slow us down and on intelligently handling the customer information those orders generate. 

The core workflow I have in mind is simple: an order comes in, the platform captures the associated customer details from our database or front-end form, routes the data through an AI layer that validates, enriches, and formats it, then posts everything back into our ERP with minimal human input. The result should be faster turnaround, fewer manual touchpoints, and cleaner data. 

You are free to choose a tech stack that makes sense—Python, Node.js, FastAPI, or similar server frameworks alongside an ML component such as spaCy, Hugging Face, or TensorFlow if required for data extraction or validation. What matters is that the solution runs on-premise, protects our customer information, and plugs into REST or ODBC endpoints we already expose. 

Deliverables 
• A fully deployable local platform (source + installation script) 
• Clear setup and integration guide (readme or short video) 
• Unit tests or sample datasets that prove automated order processing works end-to-end 
• Brief hand-off session to walk us through the workflow and answer questions 

Acceptance criteria 
• New sales orders are ingested and populated in the ERP in under 30 seconds 
• Customer information is validated against existing records with >95 % accuracy 
• All interactions remain within our local network—no external API calls 

If this aligns with your expertise in AI-driven process automation and secure data handling, let’s discuss how quickly you can prototype and iterate on the solution.","I need a locally-hosted AI automation platform whose single, clear purpose is to boost day-to-day business efficiency. The focus is on automating order-processing steps that currently slow us down and on intelligently handling the customer informatio"
Freelancer.com,Strong Lifters for Business Move,https://www.freelancer.com/projects/fitness/strong-lifters-for-business-move,15.0,25.0,USD,fixed,FITNESS | Fitness | Time Management | Logistics | Communications,Unknown,Unknown,"I’m relocating my Brookvale shop on Monday 12 October and need two physically powerful helpers to handle the heavy-lifting side of the move. The job runs from the early afternoon for roughly 6–12 hours, and I’m paying per hour, cash at the end of the day.

You’ll be shifting bulky furniture—so regular gym-goers with solid overall fitness are essential. No formal removals background is necessary; what matters is raw strength, reliability, and a practical, can-do attitude. Good spoken English is important so we can coordinate quickly and keep everything moving smoothly.

Turn up on time, work hard, and there’s every chance of future gigs with us as the business continues to expand. Bring gloves, closed-toe shoes and your best lifting technique, and let’s make this move efficient and injury-free.","I’m relocating my Brookvale shop on Monday 12 October and need two physically powerful helpers to handle the heavy-lifting side of the move. The job runs from the early afternoon for roughly 6–12 hours, and I’m paying per hour, cash at the end of the"
Freelancer.com,AWS Website Deployment & Hosting Setup,https://www.freelancer.com/projects/cloud-computing/aws-website-deployment-hosting-setup,600.0,1500.0,INR,fixed,CLOUD COMPUTING | Cloud Computing | DevOps | Amazon Web Services | Linux | Web Hosting | Nginx | Nest.js | API,Unknown,Unknown,"I am looking for an experienced AWS freelancer to deploy my website on Amazon Web Services (AWS) and configure it for secure, reliable, and efficient hosting.

Project Requirements:

Deploy an existing website on AWS.

Configure AWS services such as EC2, S3, CloudFront, or Amplify based on project needs.

Set up domain and DNS configuration using Route 53 or an existing DNS provider.

Install and configure an SSL certificate (HTTPS).

Configure the web server (Nginx or Apache), if required.

Set up environment variables and backend connectivity.

Ensure proper security, performance, and availability.

Test the deployment and resolve any issues.

Provide deployment documentation and handover.

Required Skills:

AWS (EC2, S3, CloudFront, Route 53, IAM)

Linux server administration

Nginx / Apache

Git and CI/CD deployment

DNS and SSL configuration

Website troubleshooting

Expected Deliverables:

Fully deployed and working website.

Domain connected with HTTPS enabled.

Secure and optimized AWS configuration.

Deployment documentation.

Successful project handover.","I am looking for an experienced AWS freelancer to deploy my website on Amazon Web Services (AWS) and configure it for secure, reliable, and efficient hosting. Project Requirements: Deploy an existing website on AWS. Configure AWS services such as EC2"
Freelancer.com,Creative Editor for Short-Form Social Content,https://www.freelancer.com/projects/social-media-marketing/creative-editor-for-short-form,30.0,250.0,USD,fixed,SOCIAL MEDIA MARKETING | Social Media Marketing | Content Creation | Video Post-editing | Video Processing | Video Editing | Video Production | Videography | Editing,Unknown,Unknown,"Long-Term Short-Form Video Editor Needed for Social Media Content

I'm looking for a creative and reliable video editor for a long-term collaboration editing short-form social media content.

The content will focus on everyday experiences, lifestyle updates, opening trading card packs, receiving mail and packages, traveling for work, behind-the-scenes moments, and documenting the journey of opening a local trading card shop.

I'm looking for someone who can turn raw footage into engaging, natural, and entertaining content for Instagram Reels, TikTok, and YouTube Shorts.

**What I'm Looking For**

- Experience editing short-form social media videos.
- Strong storytelling, pacing, and attention to detail.
- Ability to create engaging hooks and smooth cuts.
- Knowledge of captions, sound effects, music, and transitions.
- Creativity and the ability to make good editing decisions without needing detailed instructions for every video.
- Consistent quality, reliability, and good communication.

**How We'll Work Together**

We'll begin with a small test project to evaluate editing quality, creativity, communication, and whether we're a good fit to work together.

If the test goes well, I'm interested in building a long-term working relationship with the right editor, with opportunities for recurring video editing assignments.

To Apply

Please share 2–3 examples of short-form videos you've edited, preferably lifestyle, unboxing, collectibles, or personal-brand content.

Briefly describe your editing approach, your typical turnaround time, and your pricing for ongoing work.

I'm looking for someone who can become a reliable editing partner as the content grows over time.","Long-Term Short-Form Video Editor Needed for Social Media Content I'm looking for a creative and reliable video editor for a long-term collaboration editing short-form social media content. The content will focus on everyday experiences, lifestyle up"
Freelancer.com,Genuine US Classified Ads Generation -- 2,https://www.freelancer.com/projects/advertising/genuine-classified-ads-generation,1250.0,2500.0,INR,fixed,ADVERTISING | Advertising | Classifieds Posting | Data Entry | Internet Marketing | Leads,Unknown,Unknown,"I am looking for a reliable person to generate 100 genuine classified ads from the United States.

The objective is to find real users, individuals, businesses, shop owners, service providers, or advertisers in the United States who have legitimate products, services, jobs, properties, vehicles, or other items to advertise.

This is not a data-entry or copy-paste project. The focus is on finding genuine advertising opportunities and submitting legitimate listings.

Requirements:
- Generate and submit a total of 100 genuine classified ads. 
- All 100 ads must be from the United States. 
- Ads can be from individuals, businesses, shop owners, service providers, or other legitimate advertisers. 
- Ads must fit the available classifieds categories. 
- Each listing must contain genuine and relevant information. 
- No fake, fabricated, misleading, duplicate, or spam advertisements. 
- Do not submit the same advertiser or listing multiple times. 

Review & Payment: 
- All submitted ads will be reviewed by an admin team. Only ads successfully reviewed and approved will count toward the target of 100 ads. 
- Payment of ₹2500 INR will be released after successful completion and approval of all 100 genuine listings meeting required quality standards.

When applying, please explain briefly how you’ll find authentic U.S. advertisers.","I am looking for a reliable person to generate 100 genuine classified ads from the United States. The objective is to find real users, individuals, businesses, shop owners, service providers, or advertisers in the United States who have legitimate pr"
Freelancer.com,Monetize My Blog Posts,https://www.freelancer.com/projects/content-strategy/monetize-blog-posts,12500.0,37500.0,INR,fixed,CONTENT STRATEGY | Content Strategy | Blogging | Affiliate Marketing | Keyword Research | SEO | Internet Marketing | Link Building | Marketing,Unknown,Unknown,"I’d like to turn my blog posts into a steady source of income and need a clear, actionable roadmap that suits my Hindi-speaking audience. The focus is solely on blog content (not social media or forums), so the plan must cover every stage—from sharpening topic selection to activating revenue channels such as AdSense, affiliate links, sponsored reviews, or other practical options you recommend.

Here’s what I expect as concrete deliverables:
• A detailed content strategy (niches, keyword clusters, posting frequency, on-page SEO steps). 
• Monetisation blueprint explaining setup and approval processes for AdSense, affiliate programmes, and direct sponsorships. 
• An outline of traffic-building tactics (SEO fundamentals, backlink ideas, and minimal-cost promotion suited to a new blog). 
• Metrics dashboard template so I can track CTR, RPM, and conversion rates in one place. 
• A short hand-off guide that lets me replicate the process for future posts without outside help.

Please keep explanations straightforward in Hindi (with key technical terms in English where unavoidable) so I can implement them myself. I have hosting and a basic WordPress install ready; point out any essential plugins or tools I should add.

Once the documents are delivered and walk-through questions answered, the project is complete.","I’d like to turn my blog posts into a steady source of income and need a clear, actionable roadmap that suits my Hindi-speaking audience. The focus is solely on blog content (not social media or forums), so the plan must cover every stage—from sharpe"
Freelancer.com,Frontend UI Refactor abnbd.com,https://www.freelancer.com/projects/frontend-development/frontend-refactor-abnbd-com,250.0,750.0,USD,fixed,FRONTEND DEVELOPMENT | Frontend Development | Web Development | React.js | Vue.js | JavaScript | HTML | PHP | CSS,Unknown,Unknown,"I’m preparing the next release of [login to view URL] and the current frontend is showing its age. The underlying business logic is solid, but the user-facing components have become tangled after multiple quick iterations. I need an experienced frontend developer to step in and refactor the existing UI components so they are clean, reusable, and easy to maintain.

What you’ll actually be touching is the component layer only—no backend or database work is required. Styles and core JavaScript behaviour are mostly fine for now; the priority is reorganising, simplifying, and, where sensible, rewriting the visual components to follow modern best practices. That includes breaking monolithic files into smaller units, removing dead code, improving naming conventions, and making sure each component has a clear, single responsibility.

I’m happy to share the private repo and walk you through the current structure as soon as we start. Once the refactor is complete I should be able to plug in new features without fighting legacy code, run faster builds, and see consistent behaviour across browsers.

Deliverables (all in the repo):
• Refactored UI component files with clear folder structure 
• Brief inline documentation or comments explaining any non-obvious logic 
• A short markdown summary of what changed and why 

I will review by checking functionality parity, build size, and overall readability. If this sounds like the kind of tidy-up you excel at, let’s talk.","I’m preparing the next release of and the current frontend is showing its age. The underlying business logic is solid, but the user-facing components have become tangled after multiple quick iterations. I need an experienced frontend developer to ste"
Freelancer.com,Full-time Corporate Video Editor,https://www.freelancer.com/projects/adobe-premiere-pro/full-time-corporate-video-editor,15000.0,20000.0,INR,fixed,ADOBE PREMIERE PRO | Adobe Premiere Pro | Final Cut Pro | Social Media Marketing | Video Post-editing | Video Editing | DaVinci Resolve | CapCut | Canva | Graphic Design,Unknown,Unknown,"I'm seeking a full-time video editor to create engaging short and long videos, mainly for Instagram, YouTube and Meta ads.

Key Requirements:
- Edit Reels and YouTube Shorts from podcasts, live sessions and client testimonials
- Edit long-form YouTube videos and ad videos, with several hook variations per ad
- Add captions, B-roll, music and simple motion graphics
- Make thumbnails and keep all files organised in Google Drive


Ideal Skills & Experience:
- Proficiency in video editing software (e.g., Adobe Premiere Pro, DaVinci Resolve, CapCut)
- Strong understanding of what makes Reels and Shorts hold attention
- 1 to 3 years of editing experience, with a portfolio of short videos
- Basic Canva
- Ability to meet daily deadlines and manage multiple videos at once
- Experience with coaching, wellness or webinar content is a plus

Remote, full-time. Please apply with links to three Reels or Shorts and one long video you have edited.","I'm seeking a full-time video editor to create engaging short and long videos, mainly for Instagram, YouTube and Meta ads. Key Requirements: - Edit Reels and YouTube Shorts from podcasts, live sessions and client testimonials - Edit long-form YouTube"
Freelancer.com,Debug Google Sheets GLMS Automation,https://www.freelancer.com/projects/automation/debug-google-sheets-glms-automation,600.0,1500.0,INR,fixed,AUTOMATION | Automation | Google Sheets | Data Processing | Debugging | JavaScript | Google Chrome | PHP | CSS,Unknown,Unknown,"I have built an AI-driven, fully automated GLMS that lives entirely inside Google Sheets with extensive Google Apps Script and front-end JavaScript. Everything is functional in principle, yet the launch is blocked by code-level problems.

The sticking point is code functionality:
• Data processing scripts are throwing errors and sometimes return inaccurate results. 
• User-interface scripts—dialogs, sidebars, custom menus—occasionally misfire. 
• AI-driven features that grade learning outcomes need a reliability and performance check.

Your task is to dive into the bound Apps Script project, track down and fix those issues, and make sure the system runs smoothly at scale.

Deliverables
– Clean, error-free data processing routines that pass my test cases. 
– Stable, responsive UI scripts with every button and dialog behaving consistently. 
– Optimised AI modules that stay within Apps Script quotas and return accurate scores. 
– Inline comments and a brief change log so my in-house team can maintain the solution.

I’ll provide a copy of the Sheet, script access, and functional specs. If you are comfortable with Google Apps Script, JavaScript, and complex Sheet automation, I’m ready to get started right away.","I have built an AI-driven, fully automated GLMS that lives entirely inside Google Sheets with extensive Google Apps Script and front-end JavaScript. Everything is functional in principle, yet the launch is blocked by code-level problems. The sticking"
Freelancer.com,WordPress Freelancer Needed – Product Uploads & Minor Website Updates,https://www.freelancer.com/projects/woocommerce/upload-bakery-products-tweak-site,10.0,30.0,USD,fixed,WOOCOMMERCE | WooCommerce | Website Development | WordPress | SEO | Website Design | Digital Marketing | Content Writing,Unknown,Unknown,"My bakery’s WooCommerce shop needs fresh baked-goods products uploaded and a little site polish. I already have descriptions for several items; for the remaining ones you’ll craft short, enticing copy in the same tone. 

Here’s what I need you to handle: 
• Add the new baked-goods products, complete with pricing, categories, high-res photos, and SEO-friendly slugs. 
• Replace or optimise the images flagged in my media library so page speed and visual quality both improve. 
• Create one additional page within the current theme (no layout overhaul) and link it neatly into the main menu. 

Deliverables will be accepted once every product displays correctly on both desktop and mobile, the new page passes a quick Lighthouse check, and all updated images load without distortion. 

When you reply, drop links to live WordPress sites you’ve worked on and any screenshot highlights that show similar product uploads or minor content tweaks. I’m ready to get started as soon as I find the right fit.","My bakery’s WooCommerce shop needs fresh baked-goods products uploaded and a little site polish. I already have descriptions for several items; for the remaining ones you’ll craft short, enticing copy in the same tone. Here’s what I need you to handl"
Freelancer.com,"On-Site App Sales, Chennai",https://www.freelancer.com/projects/sales/site-app-sales-chennai,600.0,1500.0,INR,fixed,SALES | Sales | Software Sales | SaaS | Customer Success | Account Management | Business Development | Lead Generation | Customer Service,Unknown,Unknown,"I’ve built a web-and-mobile application designed for small service providers—make-up artists, photographers, event planners and similar professionals—and I’m ready to get it into the hands of Chennai business owners. 

Your role is purely in-person: visit these entrepreneurs at their studios, shops or offices, walk them through the app’s features and pricing, answer objections and close the subscription. Because you’ll be selling software rather than a physical product, prior experience in software sales is essential; you already know how to translate tech jargon into clear value and can navigate typical SaaS questions on support, upgrades and data security. 

What I’ll look for in your bid 
• A brief rundown of your software-sales experience in Chennai or comparable markets. 
• Any numbers that show your past conversion or retention success. 
• How soon you can start visiting prospects inside the city. 

Scope of work 
• Identify and schedule meetings with qualified service providers. 
• Deliver live demos on phone, tablet or laptop (your choice of device). 
• Collect feedback and relay it back to me so we can refine messaging. 
• Close the sale and ensure the client completes payment and onboarding. 

I’ll provide product training, demo credentials and marketing collateral; you bring the energy, local network and closing skills. Let’s grow together.","I’ve built a web-and-mobile application designed for small service providers—make-up artists, photographers, event planners and similar professionals—and I’m ready to get it into the hands of Chennai business owners. Your role is purely in-person: vi"
Freelancer.com,Experienced eBay Store Manager Needed,https://www.freelancer.com/projects/customer-service/experienced-ebay-store-manager-needed,10.0,30.0,USD,fixed,CUSTOMER SERVICE | Customer Service | Dropshipping | eBay | eCommerce | Internet Marketing | Product Research | Sales | Supplier Sourcing,Unknown,Unknown,"I am looking for an experienced eBay Store Manager to manage my existing small eBay store on a long-term, performance-based basis.

Responsibilities:

* Research profitable products suitable for eBay dropshipping.
* Find reliable suppliers and recommend where to purchase each product.
* Create and optimize eBay listings.
* Set competitive prices while calculating all eBay fees, shipping costs, product costs and other expenses.
* Make sure every product has a clear and realistic profit margin.
* Monitor sales and communicate every sale/order to me.
* After a sale, provide me with the supplier and exact product details so I can purchase and ship the item myself.
* Help with customer service and basic order management.

Compensation:
This is a commission-only / profit-sharing position. There is no hourly salary or upfront payment. You will receive an agreed percentage of the actual net profit generated by the store. Payment will be made only after I receive the funds from the completed sale.

I will personally pay for all products and control all purchasing and payment accounts.

I am looking for someone with proven eBay dropshipping experience, strong product research skills and good knowledge of eBay fees and pricing.

Experience working with suppliers in China is a strong advantage.

I am looking for a long-term working relationship. We will start with a trial period and grow the store based on actual results.

Please apply only if you are comfortable working on a performance-based commission model.","I am looking for an experienced eBay Store Manager to manage my existing small eBay store on a long-term, performance-based basis. Responsibilities: * Research profitable products suitable for eBay dropshipping. * Find reliable suppliers and recommen"
Freelancer.com,Transcribe Printed Text to Word,https://www.freelancer.com/projects/microsoft-word/transcribe-printed-text-word-40760102,25.0,50.0,USD,fixed,MICROSOFT WORD | Microsoft Word | Transcription | Typing | Proofreading | Word | Data Entry | PDF | Copy Typing,Unknown,Unknown,"I have a stack of printed pages that need to be turned into an editable Word document. Every piece of information on the originals is text-only, so there are no tables, formulas, or special layouts to worry about—just clear, accurate typing. 

Your job is to read each printed page and re-key the content into Microsoft Word, matching paragraphs, headings, and spacing so the result mirrors the source as closely as possible. Accuracy and consistent formatting matter more to me than speed; I will spot-check against the originals before signing off.

Deliverable: one well-formatted .docx file containing the full text of all pages, ready for editing.","I have a stack of printed pages that need to be turned into an editable Word document. Every piece of information on the originals is text-only, so there are no tables, formulas, or special layouts to worry about—just clear, accurate typing. Your job"
Freelancer.com,Remote Data Entry & Processing,https://www.freelancer.com/projects/accounting/remote-data-entry-processing,37500.0,75000.0,INR,fixed,ACCOUNTING | Accounting | Data Analysis | Data Entry | Data Management | Data Processing | ERP | Excel | Google Sheets,Unknown,Unknown,"Our finance team receives a steady flow of invoices by email and needs every line item entered into our internal ledger, cleaned, categorised and summarised for monthly reporting. The position sits directly on our payroll—starting around 26 k, growing toward 35 k and up to 50 k as reliability and speed improve—so consistency and accuracy are more important than one-off speed bursts.

Day-to-day work 
• Open each incoming invoice mail, extract the billing details and enter them into our Google Sheets/Excel ledger. 
• Run a quick data-cleaning pass to catch duplicates, mismatched figures or formatting issues. 
• Categorise each expense under the correct cost centre so downstream reporting is effortless. 
• Once a week, generate a light analysis sheet that highlights totals, outliers and any data gaps.

Because the workload is entirely remote, a stable internet connection and solid familiarity with spreadsheet formulas, basic pivot tables and common CSV-to-ERP import routines will keep everything flowing smoothly. Access to the ledger is provided through our secure cloud drive; no local storage of invoices is required.

Deliverables 
1. Daily: fully updated ledger with zero pending invoices. 
2. Weekly: cleaned and categorised dataset (CSV) plus a concise analysis sheet. 
3. End of month: one-page summary charting spend by category and flagging anomalies.

All invoice PDFs and email templates are ready to go, so once onboarding is complete you can begin entering data immediately and grow with the role—and the pay scale—as we expand.","Our finance team receives a steady flow of invoices by email and needs every line item entered into our internal ledger, cleaned, categorised and summarised for monthly reporting. The position sits directly on our payroll—starting around 26 k, growin"
Freelancer.com,Convert Legacy 3D files to modern CAD files,https://www.freelancer.com/projects/3d-cad/cadkey-conversion-service,8.0,15.0,USD,fixed,3D CAD | 3D CAD | CAD / SolidWorks | 3D Design | 3D Printing | 3D Modelling | 3D Rendering | 3D Animation | AutoCAD | 3D Visualization | 3D Drafting,Unknown,Unknown,"Convert legecy Cadkey models saved as BTA, CA, GCA and KEA files. Simple conversion to modern CAD files for programs Onshape or AutoDesk/SolidWorks (STEP or IGS format).

No design edits or feature tweaks are required.","Convert legecy Cadkey models saved as BTA, CA, GCA and KEA files. Simple conversion to modern CAD files for programs Onshape or AutoDesk/SolidWorks (STEP or IGS format). No design edits or feature tweaks are required."
Freelancer.com,Small Electromagnet Prototype Development -- 4,https://www.freelancer.com/projects/engineering/small-electromagnet-prototype-40760094,8.0,15.0,USD,fixed,ENGINEERING | Engineering | Electronics | Mechanical Engineering | Electrical Engineering | Finite Element Analysis | Assembly | Circuit Design | Prototyping | Mechanical Design | Ansys,Unknown,Unknown,"This project strictly requires hands-on prototyping, including physical assembly and testing—design-only services will not be considered
I already have detailed winding diagrams, coil counts, wire gauges, and a full wiring schematic for three compact electromagnets—each under 10 cm in any direction. Your task is to turn these drawings into a tangible proof-of-concept and ship it to me.

The magnets will sit in a custom harness. I’m leaning toward a light alloy or other metal solution, but I’m open to your recommendations once you see the design constraints. All electronic components, fasteners, and raw materials will be reimbursed at cost; please keep receipts.

Power can come from batteries, a small AC supply, or a rechargeable pack—I’m happy with whichever option best matches your workshop setup and meets the performance targets we’ll discuss.

Deliverables
* Three fully wound, insulated, and terminated electromagnets built to the supplied spec
* Matching harness, machined or fabricated to precise dimensions, ready for mounting
* Basic bench test results: resistance, current draw, and pull force at the chosen voltage
* Photos or a short video showing operation prior to shipment
* Secure packaging for safe delivery

Once this prototype meets the agreed-upon metrics, there’s a larger program waiting, so flawless craftsmanship and clear documentation are essential. I look forward to collaborating and seeing these magnets spring to life.","This project strictly requires hands-on prototyping, including physical assembly and testing—design-only services will not be considered I already have detailed winding diagrams, coil counts, wire gauges, and a full wiring schematic for three compact"
Freelancer.com,Revit 2025 or lower version revit Office Model,https://www.freelancer.com/projects/autodesk-revit/revit-lower-version-revit-office,600.0,1500.0,INR,fixed,AUTODESK REVIT | Autodesk Revit | Architecture | Building Design | Construction | 3D Modelling | Building Architecture | 3D Rendering | AutoCAD | Interior Design | 3D Visualization,Unknown,Unknown,"I need an Autodesk Revit 2025 model for a compact, modern office building that includes a basement, ground floor, two upper levels and a roof. The scheme should read as clean, contemporary architecture with a glass-and-steel exterior façade. 

Key design notes 
• Main entrance positioned on the front-right corner. 
• Basement to house parking and service rooms. 
• Above-ground floors to accommodate reception, open and enclosed offices, cabins, a meeting room, toilets, pantry, staircase and a single lift. 
• Energy efficiency is the primary performance goal; daylighting strategies and sensible wall-to-window ratios should shape the massing. 
• I am open to your suggested overall floor area—we will lock this down together at concept stage. 

Scope of work 
• Architectural modelling only: walls, floors, roofs, doors, windows, stairs and lift. 
• Consistent room layouts across levels. 
• Simple exterior articulation; no detailed curtain-wall mullions or bespoke panels required. 
• No structural or MEP elements, no drawing sheets, PDFs or renders—just the editable .RVT file. 

Deliverable 
An organised, fully editable Revit 2025 (.RVT) model, ready for educational BIM exploration and portfolio display. 

Timeline is flexible. When you respond, please link to a few representative Revit models and confirm you’re comfortable producing the file under these parameters.","I need an Autodesk Revit 2025 model for a compact, modern office building that includes a basement, ground floor, two upper levels and a roof. The scheme should read as clean, contemporary architecture with a glass-and-steel exterior façade. Key desi"
Freelancer.com,2000-Word Wellbeing SEO Blog,https://www.freelancer.com/projects/blog-writing/word-wellbeing-seo-blog,600.0,1500.0,INR,fixed,BLOG WRITING | Blog Writing | Research Writing | Copywriting | Keyword Research | Article Writing | SEO | Ghostwriting | Article Rewriting,Unknown,Unknown,"I need a 2,000-word blog post that thoroughly explains how modern readers can sustain the wellbeing of mind, soul, and body in everyday life. The article must be original, written in a formal and professional tone, and optimised for organic SEO so it has every chance of going viral once published.

Please weave credible research, recent statistics, and practical guidance into a clear structure that search engines and human readers both love. Natural integration of relevant keywords, strategic internal headings (H1-H3), and a smooth flow from introduction to conclusion are essential. I’m aiming for something authoritative enough to earn backlinks while remaining engaging enough to be shared widely across social platforms.

Deliverables 
• 1 × 2,000-word, plagiarism-free article in Word or Google Doc format 
• Optimised meta title (60 chars max) and meta description (155 chars max) 
• List of target keywords with brief placement notes 
• Royalty-free image suggestions (optional but appreciated)

Acceptance criteria: the piece must pass Grammarly and Copyscape checks, score highly on Yoast or a similar on-page SEO tool, and read smoothly to a professional audience without sounding promotional or salesy.","I need a 2,000-word blog post that thoroughly explains how modern readers can sustain the wellbeing of mind, soul, and body in everyday life. The article must be original, written in a formal and professional tone, and optimised for organic SEO so it"
Freelancer.com,Dramatic Satirical Political Ad Voiceover,https://www.freelancer.com/projects/voice-acting/dramatic-satirical-political-voiceover,10.0,30.0,USD,fixed,VOICE ACTING | Voice Acting | Voice Over | Audio Production | Video Production | Voice Talent | Audio Services | Commercials | Creative Writing,Unknown,Unknown,"I’ve put together a playful “attack-ad” style spot that pokes fun at a friend’s imaginary political campaign, and I want the narration to sound as if it came straight from a high-stakes election commercial—only bigger, bolder, and a little tongue-in-cheek. 

The finished video will run somewhere between one and three minutes, so the read will be in that window too. I’m specifically after an over-the-top dramatic delivery, paired with a deep, authoritative tone that could make even the most mundane statement feel like breaking news. Think booming gravitas, cinematic pauses, and just enough theatrical flair to let viewers know we’re in on the joke.

Here’s what I’ll need from you: 

• A clean, high-quality audio file (WAV or 320 kbps MP3 is perfect) 
• One main take that nails the script, plus a pickup pass for any minor tweaks we notice after review 

I’ll send the full script as soon as we kick off, along with timing cues so you can match the pacing of the edit. If you have questions about cadence, inflection, or any comedic beats, I’m happy to hop on a quick call or exchange notes. Looking forward to hearing that powerhouse voice bring this spoof to life!","I’ve put together a playful “attack-ad” style spot that pokes fun at a friend’s imaginary political campaign, and I want the narration to sound as if it came straight from a high-stakes election commercial—only bigger, bolder, and a little tongue-in-"
Freelancer.com,Excel Data Entry & Formatting,https://www.freelancer.com/projects/data-analysis/excel-data-entry-formatting-40760082,750.0,1250.0,INR,fixed,DATA ANALYSIS | Data Analysis | Data Management | Data Visualization | Report Writing | Excel | Data Entry | Data Processing | Word,Unknown,Unknown,"I maintain most of my files in Excel 2016 (or earlier), and I now need a reliable hand to get them presentation-ready. The source material is a mix of numbers and free-text that first has to be entered with total accuracy, then cleaned for typos, duplicates, and inconsistent formats. Once the data is trustworthy, the real focus is on turning each sheet into something I can show management: clear headings, logical grouping, colour-coded tables, print-friendly layouts, and a few straightforward summaries or charts so the key points pop out at a glance. 

You will be working entirely inside native Excel—no add-ins required beyond what ships with the version mentioned—so compatibility and proper use of formulas, filters, conditional formatting, and basic PivotTables matter. Fast turnaround is important, but not at the expense of precision; if anything looks ambiguous, I would rather you flag it than guess. 

Deliverables 
• A fully formatted workbook (or set of workbooks) with all raw data accurately entered and cleaned 
• Built-in summaries such as PivotTables, simple charts, or a dedicated “Report” sheet for quick insights 
• A brief change log or notes sheet outlining any significant assumptions, corrections, or structure changes made during the process 

Hand off the final file in .xlsx, tested and ready to open flawlessly in Excel 2016. If you’re meticulous, comfortable with both text and numerical datasets, and can meet agreed deadlines, I’m ready to get started immediately.","I maintain most of my files in Excel 2016 (or earlier), and I now need a reliable hand to get them presentation-ready. The source material is a mix of numbers and free-text that first has to be entered with total accuracy, then cleaned for typos, dup"
Freelancer.com,Remote Trust Package Sales,https://www.freelancer.com/projects/lead-generation/remote-trust-package-sales,15.0,25.0,USD,fixed,LEAD GENERATION | Lead Generation | Account Management | Phone Support | Telemarketing | Sales | Telephone Handling | Leads,Unknown,Unknown,"I need a proven phone closer who can pick up the warm Living-Trust leads already sitting in our CRM and turn those conversations into signed clients. The ads are doing their job—more than 100 homeowners, investors, and families have asked to hear from us—so there is zero cold prospecting involved; every call you make is to someone who actively requested information.

Your day will revolve around dialing each prospect during Pacific Time hours, answering their questions about our Living Trust packages, guiding them through the benefits, handling any objections with confidence, and ultimately securing payment. The people you’ll speak with often value speed, clarity, and reassurance, so the ability to build rapport within seconds is crucial. Strong objection-handling skills and a disciplined closing mindset are equally essential.

This role is 100 % commission based, ideal if you back yourself to perform and want uncapped earning potential. I’m looking for reliability, professionalism, and a long-term partnership: hit targets consistently and you’ll have a steady stream of new leads every week.

If you have a track record of closing deals over the phone and can work comfortably on Pacific Time, let’s talk.","I need a proven phone closer who can pick up the warm Living-Trust leads already sitting in our CRM and turn those conversations into signed clients. The ads are doing their job—more than 100 homeowners, investors, and families have asked to hear fro"
Freelancer.com,Life Insurance Educational Video Creation,https://www.freelancer.com/projects/video-editing/life-insurance-educational-video,50.0,50.0,USD,fixed,VIDEO EDITING | Video Editing | Video Services | Content Creation | Content Development | Voice Talent | Audio Services | Commercials | Audio Production,Unknown,Unknown,"I'm looking for a skilled video creator to develop educational content for my life insurance business. The videos will be focused on the following topics: 

- Policy types and benefits 
- How to choose a life insurance plan 
- Understanding insurance terms 

The preferred format for these videos is screen recordings with voiceover. 

Ideal skills and experience: 
- Proficiency in screen recording software 
- Strong voiceover narration skills 
- Experience in creating educational videos 
- Knowledge of insurance concepts",I'm looking for a skilled video creator to develop educational content for my life insurance business. The videos will be focused on the following topics: - Policy types and benefits - How to choose a life insurance plan - Understanding insurance ter
Freelancer.com,Translate English Text to Gujarati,https://www.freelancer.com/projects/english-translation/translate-english-text-gujarati,750.0,1250.0,INR,fixed,ENGLISH TRANSLATION | English Translation | Language Tutoring | Editing | Translation | Hindi Translator | English (US) Translator | English (UK) Translator,Unknown,Unknown,"I have a short piece of general-interest text in English—under 1,000 words—that I need rendered into clear, natural Gujarati. Accuracy is key, but I also want the translation to read smoothly for native speakers.

Please:
• Keep the original meaning, tone, and style intact. 
• Use everyday Gujarati vocabulary that feels authentic, avoiding machine-like phrasing. 
• Return the final file in the same layout and formatting as the source (Word or PDF is fine). 

If you’re a native or near-native Gujarati speaker with proven translation experience, I’d love to see a brief sample of past work or a short excerpt translated on request.","I have a short piece of general-interest text in English—under 1,000 words—that I need rendered into clear, natural Gujarati. Accuracy is key, but I also want the translation to read smoothly for native speakers. Please: • Keep the original meaning, "
Freelancer.com,Shopify Store Development,https://www.freelancer.com/projects/shopify-site/shopify-store-development-40760073,12500.0,37500.0,INR,fixed,SHOPIFY | Shopify | Web Development | Shopify Development | Payment Gateway Integration | SEO | Graphic Design | Content Creation | Digital Marketing | Analytics | Branding,Unknown,Unknown,"Project Overview

I am launching a global shopping business for customers who want authentic overseas products that are unavailable or difficult to obtain locally. Categories include health supplements, beauty, fashion, and lifestyle. USA sourcing and Indian customers are the initial focus, with additional approved markets supported by the store structure.

I need an experienced Shopify developer or team to deliver the complete store: design, products, content, banners, payments, billing, sourcing and quote workflows, shipping, tracking, analytics, testing, and handover.

Theme Selection

You must suggest an appropriate premium Shopify theme customized for a premium and trustworthy shopping brand. In your proposal, please explain the exact benefits of your suggested theme and provide the total cost for the license. The theme purchase is separate from development labor and the license must be registered to and belong exclusively to my store.

Base Scope of Work (For Your Fixed-Price Quote)

Store Setup: One owner-controlled Shopify store, English at launch, with responsive desktop and mobile layouts.

Markets & Currency: India as the primary market, plus setup for up to two additional approved destination markets. Block unsupported destinations and product routes. Must include IP-based auto-geolocation and multi-currency display.

Catalog: 100 parent products and up to 300 variants total, 8 category collections, up to 20 brand collections, and 4 reusable product templates.

Brand Design: Two logo concepts and one final logo pack, colors, typography, favicon, and two consolidated design revision rounds.

Creative Assets: Three hero designs with desktop and mobile exports, 8 category tiles, 4 promotional designs with desktop/mobile exports, and 4 process icons. Include editable files, authorized product imagery, and image licensing records.

Pages Required: Home, Categories, Brands, Products, Search & Empty Results, Request Product, How it Works, Cart, Checkout, Customer Account, Order Tracking, About, Authenticity, FAQ, Contact, Policies, Thank You, Order Status, 404, and Blog (with one approved article).

UX/UI Features: Relevant mega menu, mobile navigation, predictive search, category filters, variant selection, image galleries, useful product comparison, related products, trust badges, and genuine review setup.

Product Requests: Overseas product request form (with product URL, variant, quantity, destination, and contact details), request acknowledgement, and operator queue.

Quoting Workflow: Itemized quote with price validity and delivery terms; supported secure quote checkout; linked paid order and procurement task; expiry and revised quote handling.

Sourcing Workflow: Covering purchase reference, supplier receipt, source transit, international shipping, customs, last-mile delivery, delivery confirmation, and exceptions. Distinguish automated updates from staff actions.

Pricing Model: Approved pricing model covering source price, currency, freight, duties, taxes, clearance, delivery, service fees, and margin. No surprise or double-charged import costs.

Payments: One approved Indian payment gateway and one eligible international payment route. Must include payment states, full/partial refunds, invoices, reconciliation, and documentation of actual charge and settlement currency.

Shipping/Logistics: One approved shipping or forwarding partner, shipping rates or quote process, parcel and label workflow, tracking, customs documents where required, and returns.

Marketing & Communications: Branded transaction emails, support contact form, live chat integration, WhatsApp entry point, branded email and domain setup, GA4, one email platform, and owner-supplied Meta integration (if applicable).

Technical, Speed & Compliance: Basic SEO, Google Search Console, relevant structured data, guaranteed Core Web Vitals / PageSpeed optimization, international privacy consent handling (cookie banners, GDPR/DPDP compliance), accessibility checks, account permissions, backup, rollback, and merchant reporting.

Testing: Full acceptance testing, owner-performed low-value live payments and refunds, and one approved USA to India test order followed through actual sourcing, customs, delivery, and cost reconciliation.

Handover & Support: Theme and catalog exports, custom code and configuration notes, editable creative assets, app cost register, operating guide, two recorded training sessions, and 30 calendar days of in-scope defect support after launch.

Important Feasibility Requirements (Must Read)

Before design, you must prove the actual payment and sourced order architecture for this Indian business.

Shopify documents payment restrictions for pre-orders, and PayPal India cannot receive domestic customer payments.

A theme ""pre-order"" button does not establish payment compatibility. Confirm Shopify and gateway approval for delayed fulfillment and any required selling plan implementation. Do not propose a workaround that simply bypasses unsupported purchase options.

Shopify checkout customization depends on the selected plan.

A currency converter does not necessarily provide native local currency checkout.

Collecting an import fee does not itself clear customs.

Installing an app does not complete an integration. Retailer purchasing stays manual unless a supported supplier interface is specifically quoted and tested.

Payment Terms (Strictly Enforced)

This is a FIXED-COST project.

We will strictly follow Freelancer.com payment terms.

Funds will be deposited in advance into Milestone payments (Escrow) to secure the contract.

100% of the milestone funds will ONLY be released AFTER the work is fully delivered, tested, and completed to satisfaction. No partial or upfront releases before work is actually delivered.

How to Bid

Please provide the following in your proposal:

Links to three live Shopify projects you have built, explaining your specific role in each.

Your complete fixed labor quote.

Proposed architecture and actual timeline to complete the scope.

Milestone breakdown, dependencies, exclusions, revision policy, and support terms.

Itemized Separately: Theme cost, Shopify plan, every app required, hosting, transaction fees, email or WhatsApp charges, shipping/customs costs, and live test purchases.

Show Month 1 and steady monthly operating costs using stated assumptions.

Terms & Ownership

My accounts, domain, licenses, customer data, and commissioned source files must remain strictly under my control. Paid services need my approval before purchase. Optional extras must be quoted separately.","Project Overview I am launching a global shopping business for customers who want authentic overseas products that are unavailable or difficult to obtain locally. Categories include health supplements, beauty, fashion, and lifestyle. USA sourcing and"
Freelancer.com,Top-Down 2D RPG Development,https://www.freelancer.com/projects/2d-game-art/top-down-rpg-development,50000.0,100000.0,USD,fixed,2D GAME ART | 2D Game Art | Unity | Godot | Game Programming | Unity 3D | Game Design | Game Development | 3D Animation,Unknown,Unknown,"I’m looking to have an entire 2D top-down RPG built from the ground up. The game must feel polished and complete, not just a prototype or vertical slice.

Core pillars
• Genre: RPG – character progression, inventory, quests, the works. 
• Perspective: strictly top-down, classic 16-bit style movement and camera. 
• Mechanics required: a responsive real-time combat system and a branching dialogue system that supports choices and consequences. 

I’m open on engine choice—Unity, Godot or another 2D-friendly tool—so long as the final build runs smoothly on Windows (additional platforms are a bonus).

Scope highlights
• Design and implement the combat loop: hit-boxes, enemy AI, damage, health, loot drops. 
• Create the dialogue framework with NPC states, multiple dialogue branches and event triggers. 
• Build at least one small overworld zone, an interior area, and a dungeon to demonstrate flow. 
• Supply original or properly licensed pixel art, animations and audio, or coordinate with external asset packs if you prefer. 
• Provide save/load functionality and basic settings (audio, key-rebinding). 
• Source code must be clean, commented and handed over with a quick-start readme.

Acceptance criteria
1. A playable executable showcasing all required mechanics. 
2. No critical bugs during a 30-minute continuous playtest. 
3. Full project source and assets delivered in an organized repository.

If this sounds like your type of project, let’s discuss milestones and creative direction.","I’m looking to have an entire 2D top-down RPG built from the ground up. The game must feel polished and complete, not just a prototype or vertical slice. Core pillars • Genre: RPG – character progression, inventory, quests, the works. • Perspective: "
Freelancer.com,Scriptwriter Infotainment for Doctor's Channel,https://www.freelancer.com/projects/content-writing/scriptwriter-infotainment-for-doctor,600.0,1500.0,INR,fixed,CONTENT WRITING | Content Writing | Creative Writing | Script Writing | YouTube | Content Creation,Unknown,Unknown,"I'm seeking a creative scriptwriter to produce engaging and conversational scripts for my YouTube channel, which focuses on fun medical stories and infotainment. 

Video Content:
- Fun medical stories presented in an entertaining way
- Infotainment videos that educate and entertain

Ideal Skills and Experience:
- Experience in creating educational and entertaining content
- Strong storytelling skills

Please share your portfolio and relevant experience.","I'm seeking a creative scriptwriter to produce engaging and conversational scripts for my YouTube channel, which focuses on fun medical stories and infotainment. Length of video - 8 min youtube video Video Content: - Fun medical stories presented in "
Freelancer.com,"ABDM Integration with HMS, Php",https://www.freelancer.com/projects/api-integration/abdm-integration-with-hms-php,1500.0,12500.0,INR,fixed,API INTEGRATION | API Integration | Data Management | Software Development | Database Management | Cloud Computing | Data Protection | Project Management | Technical Documentation,Unknown,Unknown,"I need to integrate our Hospital Management System (HMS) with the Ayushman Bharat Digital Mission (ABDM). 

Essential Tasks:
- Connect HMS to ABDM.
- Ensure secure data transfer.
- Maintain data integrity.

Ideal Skills:
- Experience with ABDM.
- HMS integration expertise.
- Strong knowledge of healthcare data security.

Please provide relevant experience in your bids.",I need to integrate our Hospital Management System (HMS) with the Ayushman Bharat Digital Mission (ABDM). Essential Tasks: - Connect HMS to ABDM. - Ensure secure data transfer. - Maintain data integrity. Ideal Skills: - Experience with ABDM. - HMS in
Freelancer.com,Excel Customer Data Entry,https://www.freelancer.com/projects/data-management/excel-customer-data-entry-40760068,750.0,1250.0,INR,fixed,DATA MANAGEMENT | Data Management | Data Cleansing | Data Annotation | Excel Macros | Excel | Data Entry | Data Processing | Visual Basic | Excel VBA | Data Analysis,Unknown,Unknown,"I have a collection of customer details that need to be transferred into a single, well-structured Excel workbook. The task is straightforward: capture each person’s name, phone number, and email address exactly as provided, place them in clearly labeled columns, and make sure formatting is consistent throughout. 

Accuracy is everything—no duplicates, no misplaced numbers, and no partial emails. When you finish, I should be able to sort, filter, and search the sheet without worrying about hidden errors. 

Deliverable: 
• A clean .xlsx file containing every customer’s full contact details, ready for immediate use.","I have a collection of customer details that need to be transferred into a single, well-structured Excel workbook. The task is straightforward: capture each person’s name, phone number, and email address exactly as provided, place them in clearly lab"
